interest,ad_count
Fox News Channel,32
Conservatism in the United States,31
Ben Shapiro,31
Donald Trump,23
Glenn Beck,22
The Daily Caller,17
National Review,14
Bill O'Reilly (political commentator),11
Rush Limbaugh,10
Sean Hannity,9
Mark Levin,9
Melania Trump,8
Republican Party (United States),8
Live Action (organization),7
Laura Ingraham,7
Newsmax Media,7
American football,7
The Heritage Foundation,6
TheBlaze,5
Fox & Friends,5
Cato Institute,4
Hunting,4
Ted Cruz,3
Abby Johnson (activist),3
The Sean Hannity Show,3
NASCAR,3
National Basketball Association,3
National Rifle Association,3
RedState,3
Major League Baseball,3
Dennis Prager,3
Judge Jeanine Pirro,3
Fox News Sunday,2
Bill Belichick,2
History,2
The Mark Levin Show,2
Hoover Institution,2
Fox News Radio,2
Tom Brady,2
Lila Rose,2
National Football League,2
Yoga,1
History (TV channel),1
President of the United States,1
Eric Trump,1
Donald Trump for President,1
Steven Crowder,1
Ann Coulter,1
Tim Tebow,1
Tucker Carlson,1
